complexity,initial_threshold,final_threshold
1,0.0012000000569969416,20.0
2,0.0010999999940395355,12.355076789855957
3,0.0010000000474974513,7.632396221160889
4,0.0008999999845400453,4.71494197845459
5,0.0007999999797903001,2.9126734733581543
6,0.000699999975040555,1.799315333366394
7,0.0006000000284984708,1.1115338802337646
8,0.0005000000237487257,0.6866543292999268
9,0.00039999998989515007,0.42418336868286133
10,0.0003000000142492354,0.262040913105011
11,0.00019999999494757503,0.16187678277492523
12,9.999999747378752e-05,0.10000000149011612
